route_id,score,legs
M000001,1.0,"20,26,40,26"
M000002,2.0,"40,52,80,52"
M000003,3.0,"60,78,120,78"
M000004,4.0,"80,104,160,104"
M000005,5.0,"100,130,200,130"
M000006,6.0,"120,156,240,156"
M000007,7.0,"140,182,280,182"
M000008,8.0,"160,208,320,208"
M000009,9.0,"180,234,360,234"
M000010,10.0,"200,260,400,260"
M000011,11.0,"220,286,440,286"
M000012,12.0,"240,312,480,312"
M000013,13.0,"260,338,520,338"
M000014,14.0,"280,364,560,364"
M000015,15.0,"300,390,600,390"
M000016,16.0,"320,416,640,416"
M000017,17.0,"340,442,680,442"
M000018,18.0,"360,468,720,468"
M000019,19.0,"380,494,760,494"
M000020,20.0,"400,520,800,520"
M000021,21.0,"420,546,840,546"
M000022,22.0,"440,572,880,572"
M000023,23.0,"460,598,920,598"
M000024,24.0,"480,624,960,624"
M000025,25.0,"500,650,1000,650"
M000026,26.0,"520,676,1040,676"
M000027,27.0,"540,702,1080,702"
M000028,28.0,"560,728,1120,728"
M000029,29.0,"580,754,1160,754"
M000030,30.0,"600,780,1200,780"
M000031,31.0,"620,806,1240,806"
M000032,32.0,"640,832,1280,832"
M000033,33.0,"660,858,1320,858"
M000034,34.0,"680,884,1360,884"
M000035,35.0,"700,910,1400,910"
M000036,36.0,"720,936,1440,936"
M000037,37.0,"740,962,1480,962"
M000038,38.0,"760,988,1520,988"
M000039,39.0,"780,1014,1560,1014"
M000040,40.0,"800,1040,1600,1040"
M000041,41.0,"820,1066,1640,1066"
M000042,42.0,"840,1092,1680,1092"
M000043,43.0,"860,1118,1720,1118"
M000044,44.0,"880,1144,1760,1144"
M000045,45.0,"900,1170,1800,1170"
M000046,46.0,"920,1196,1840,1196"
M000047,47.0,"940,1222,1880,1222"
M000048,48.0,"960,1248,1920,1248"
M000049,49.0,"980,1274,1960,1274"
M000050,50.0,"1000,1300,2000,1300"
M000051,51.0,"1020,1326,2040,1326"
M000052,52.0,"1040,1352,2080,1352"
M000053,53.0,"1060,1378,2120,1378"
M000054,54.0,"1080,1404,2160,1404"
M000055,55.0,"1100,1430,2200,1430"
M000056,56.0,"1120,1456,2240,1456"
M000057,57.0,"1140,1482,2280,1482"
M000058,58.0,"1160,1508,2320,1508"
M000059,59.0,"1180,1534,2360,1534"
M000060,60.0,"1200,1560,2400,1560"
M000061,61.0,"1220,1586,2440,1586"
M000062,62.0,"1240,1612,2480,1612"
M000063,63.0,"1260,1638,2520,1638"
M000064,64.0,"1280,1664,2560,1664"
M000065,65.0,"1300,1690,2600,1690"
M000066,66.0,"1320,1716,2640,1716"
M000067,67.0,"1340,1742,2680,1742"
M000068,68.0,"1360,1768,2720,1768"
M000069,69.0,"1380,1794,2760,1794"
M000070,70.0,"1400,1820,2800,1820"
M000071,71.0,"1420,1846,2840,1846"
M000072,72.0,"1440,1872,2880,1872"
M000073,73.0,"1460,1898,2920,1898"
M000074,74.0,"1480,1924,2960,1924"
M000075,75.0,"1500,1950,3000,1950"
M000076,76.0,"1520,1976,3040,1976"
M000077,77.0,"1540,2002,3080,2002"
M000078,78.0,"1560,2028,3120,2028"
M000079,79.0,"1580,2054,3160,2054"
M000080,80.0,"1600,2080,3200,2080"
M000081,81.0,"1620,2106,3240,2106"
M000082,82.0,"1640,2132,3280,2132"
M000083,83.0,"1660,2158,3320,2158"
M000084,84.0,"1680,2184,3360,2184"
M000085,85.0,"1700,2210,3400,2210"
M000086,86.0,"1720,2236,3440,2236"
M000087,87.0,"1740,2262,3480,2262"
M000088,88.0,"1760,2288,3520,2288"
M000089,89.0,"1780,2314,3560,2314"
M000090,90.0,"1800,2340,3600,2340"
M000091,91.0,"1820,2366,3640,2366"
M000092,92.0,"1840,2392,3680,2392"
M000093,93.0,"1860,2418,3720,2418"
M000094,94.0,"1880,2444,3760,2444"
M000095,95.0,"1900,2470,3800,2470"
M000096,96.0,"1920,2496,3840,2496"
M000097,97.0,"1940,2522,3880,2522"
M000098,98.0,"1960,2548,3920,2548"
M000099,99.0,"1980,2574,3960,2574"
M000100,100.0,"2000,2600,4000,2600"
